{
    "playerX": 3.3415093421936037,
    "playerY": 0.39472460746765139,
    "playerZ": 4.373246192932129,
    "pontos": 0
}
